Gene,log2FC,Pvalue,Padj
AB042555,1.0731000000000002,0.001388570720448152,30.02784182969129
ABAT,1.7027166666666673,0.0001696506674071222,3.6686956826790174
ABCA12,1.05356,8.95181273405566e-05,1.9358295037395366
ABCC2,1.3637666666666668,3.0190143764771498e-05,0.6528618589131836
ABHD1,1.1672800000000016,0.00032183940467448054,6.959777126085641
ABHD4,1.169316666666667,1.8387848239177684e-05,0.3976372181722174
ACSF2,1.5171899999999994,6.184622640706723e-06,0.13374246460528288
ACYP2,1.4146599999999996,0.0018885026293864215,40.83886936048136
ADAMTS15,2.3967533333333346,2.4769614075596927e-05,0.5356429043847836
ADD3,1.396166666666666,4.2105733897750735e-05,0.9105364955388596
ADHFE1,2.5086399999999998,2.199290243876034e-05,0.47559651523819235
AF267860,1.052226666666666,0.0004875206689715001,10.54263446650869
AGBL2,1.3259300000000005,0.0016296533898174615,35.24125455480261
AHCYL2,1.03721,4.4632972312596535e-05,0.9651880262599001
AHNAK2,2.272823333333334,1.0086604521661661e-05,0.21812282278093342
AIF1L,1.0048200000000005,0.0010809456073072542,23.375448758019374
AIG1,1.0012599999999976,0.0005733235205602113,12.39812113211457
AK021447,1.3035733333333344,5.128440158954199e-05,1.1090251843738455
AK098835,1.7944033333333334,0.0022214534973800126,48.038931880842775
AK124122,1.1438733333333344,0.0014552364247382309,31.469487684964243
AK131306,1.181659999999999,5.592043861863586e-05,1.2092794851280004
AK291625,1.5695799999999993,3.9422414834096615e-06,0.08525097207873393
AK296157,1.1193666666666662,2.944392044378597e-05,0.6367247795968717
AK308857,1.1513333333333318,1.1089334443131382e-05,0.23980685733271614
AK309229,1.1311300000000024,8.919301259391036e-05,1.9287988973433114
AK314133,1.730716666666667,0.0014024074141116589,30.327060330164624
AKAP6,1.908573333333334,3.484978147976335e-05,0.7536265244998824
ALCAM,1.4252000000000002,2.5803821086552585e-06,0.05580076309966996
ALDH3B1,1.5312433333333342,0.0001050496397387327,2.2716984593500946
ALDH6A1,1.2219283333333326,0.0004830415800594021,10.44577416878457
ALPK1,1.4957733333333314,7.370865624602395e-05,1.5939496913202678
ALPP,1.0316366666666665,0.012501881514577045,270.3531877527286
ANGPTL7,3.149676666666669,0.00013135768608854093,2.840609961664698
ANK2,1.1593433333333332,2.0471033484266826e-05,0.44268609909727014
ANK3,2.395530000000001,6.120604593253564e-06,0.13235807432910832
ANKFN1,2.098413333333334,2.3693678775403047e-05,0.5123758035180909
ANKRA2,1.098373333333332,0.001309846527684921,28.32543116118642
ANKRD44,1.8665000000000012,1.2641440439502367e-05,0.2733711495042387
ANXA4,1.1299400000000013,0.0001110589908484277,2.401650677097249
ANXA9,1.722876666666667,0.00010510450478718865,2.2728849160229547
AOAH,1.9807566666666672,1.834840009510862e-07,0.003967841520567239
APH1B,1.4701400000000016,0.00015893414877322693,3.436950967221032
APOD,1.701316666666667,0.00014047397207107948,3.037749646037094
AQP3,1.4604133333333333,0.000693890096562112,15.005373338155671
ARHGEF37,2.135720000000001,2.09807390133164e-06,0.045370848116296714
ARID5B,1.3103000000000016,1.4342341612648794e-05,0.3101531373735302
ARRDC4,1.3880733333333328,0.000200309031621673,4.3316828088186785
ARSD,1.3473833333333296,5.030163170237988e-05,1.087772785563965
ASPA,1.011896666666666,0.0007038530975139648,15.22082323373949
ATL1,1.9550833333333344,1.660837049354182e-05,0.35915601192284186
ATP10D,1.3171099999999996,0.0002016339208521777,4.360333538428343
ATP1B2,1.1491066666666665,0.0005456907371326403,11.800562190493347
ATP2B4,1.334200000000001,1.516534308211133e-06,0.03279505441506575
ATP6V1G2,1.0062122222222234,0.0005856898851383041,12.665543766115826
ATP8A1,1.642853333333334,0.00036730286003620487,7.94292434828293
AY358248,1.0895000000000001,0.0452526891668091,978.5894032322468
AZGP1,2.079563333333331,6.728546158031315e-07,0.01455048106674272
AZIN2,1.176449999999999,0.00011488896365488361,2.484473839036858
B3GALT2,1.82491,0.00043982830670908035,9.511287132583863
BANK1,1.178773333333334,0.00088367893682004,19.109557008733365
BAZ2B,1.4820866666666666,7.561037898615996e-05,1.6350744455757091
BC019340,1.1884166666666678,0.00040999601265759094,8.866163773720404
BC044919,1.281460000000001,3.420565643066537e-05,0.7396973203131386
BC136727,1.2988299999999997,0.0008724189059042736,18.866058840179917
BCHE,1.158926666666666,0.00020282266250819714,4.386040076739763
BCL2A1,1.04054,0.0013403934838107385,28.98600908740722
BDH2,1.2198233333333333,0.0023063077161315534,49.87390436134484
BDH2P1,1.199116666666665,0.0014743883231646277,31.883647488435074
BEND6,1.3216566666666676,0.0006044279644906915,13.070754732111203
BEST1,2.6824933333333334,8.405104092654203e-05,1.8176037600364714
BGN,1.2881033333333338,0.0010827719270017394,23.414942921412614
BHLHE41,1.5332266666666667,0.0006022901502390781,13.024524498920064
BMF,2.584736666666668,2.212176539895806e-05,0.47838317675246805
BMP5,1.78688,0.00029482503120077815,6.375591299716827
BTBD8,1.36029,0.0016815669416385959,36.36388511293464
BVES,1.0848333333333358,0.0011491984458948238,24.851416392475564
C3,1.4110433333333319,2.0206824712718933e-05,0.43697258441254694
CACNA1D,1.487473333333333,7.020123920285993e-06,0.1518101797761846
CALCOCO1,1.0750366666666675,1.8618965921064842e-06,0.04026351380430272
CALCRL,1.9723966666666675,0.0002804518293150824,6.064770808938657
CAPS,1.6740666666666666,5.3523030567085466e-05,1.1574355360132231
CARF,1.6330133333333325,0.001139112569674509,24.633309319211257
CBLB,1.3949399999999983,0.00042619850368313066,9.2165426421477
CCDC102B,1.2337966666666667,0.00026970103226186783,5.832284822662892
CCDC113,1.0413000000000006,0.0013902967447816878,30.065167105904
CCDC146,1.3948866666666655,8.662942605074086e-05,1.873361338347271
CCDC92,1.2531200000000027,0.000641665626392888,13.876019170746202
CCNDBP1,1.1098866666666645,0.00010359121272676655,2.2401599752163266
CD24,3.3225333333333325,9.559543883372902e-06,0.206725136477939
CD36,5.780170000000001,3.7369554997729565e-08,0.0008081166268259018
CD68,1.005466666666667,9.545979888738777e-05,2.0643181509397603
CD99L2,1.1296400000000002,8.329103225422174e-06,0.18011685724975451
CDH10,2.107849999999999,0.0001845001520895058,3.9898157889355628
CDH12,1.232826666666666,0.0001931644763869297,4.177181801867355
CDH7,1.1791299999999998,0.0004896446784294729,10.588566171037352
CDH9,1.0915566666666683,0.0009257737630718145,20.01985762642799
CDKL5,1.7839866666666673,0.0003194136947358807,6.90732114866342
CDR1,1.271486666666667,4.172211716258614e-05,0.9022407836409253
CELSR2,1.0078400000000016,4.253527285643701e-06,0.09198252755204503
CERS4,1.8329666666666657,6.569303315048713e-05,1.4206118418792841
CFHR3,1.0033133333333328,0.0005957526302840458,12.88315062989249
CFI,1.5893133333333322,3.133970639974228e-05,0.6777211508944269
CHMP4C,1.1102333333333325,0.0003291835048738566,7.11859329289715
CKB,1.1170000000000009,0.00034128734226977417,7.380338776583867
CKMT1A,1.2479833333333339,0.00012014115235141992,2.5980524195994557
CKMT1B,1.2479833333333339,0.00012014115235141992,2.5980524195994557
CLIP3,1.4246066666666675,5.4084733296633416e-05,1.1695823575396975
CLIP4,1.8419133333333324,2.6414907251844328e-05,0.5712223693211336
CLU,1.504739999999999,6.947003009225285e-05,1.5022894007449679
CLYBL,1.4969366666666657,6.686028976874373e-05,1.4458537662490831
CNTN1,2.150643333333332,1.1530019119115928e-05,0.24933666345088193
COL14A1,1.1487166666666662,2.944572511020585e-06,0.06367638055082016
COL21A1,2.2165333333333335,3.3917211965723986e-05,0.7334597087587812
COL4A3BP,1.3720833333333324,0.00011249068175743484,2.4326109930045283
CPQ,1.3553000000000015,0.00044732975574405837,9.673505967965262
CREBRF,1.0562533333333342,0.00021557090934968827,4.661720914687009
CRHBP,1.5095033333333339,8.368490341997134e-05,1.8096860364568803
CRYAB,2.343209999999999,0.0017622950260112197,38.10962993749263
CRYGS,1.548236666666667,0.0001224525258632445,2.648035871792662
CRYL1,1.064426666666665,0.00239397347833883,51.769676469077204
CTSK,1.5871933333333317,0.0002044478169467146,4.421184041472704
CTSO,1.5425500000000003,0.00019908340296805776,4.305178589184249
CUBN,1.5337999999999994,4.852832743596272e-06,0.10494250808026938
CXADR,1.725483333333334,0.00010815693467357496,2.3388937123160587
CYB5D2,1.150970000000001,0.00016063883379441467,3.4738147808042172
CYP1B1,1.7192349999999994,9.807400807250603e-05,2.120850424567943
CYP27A1,1.4446066666666662,4.984042247456169e-06,0.10777991360123966
CYP4V2,1.1494599999999977,7.132582006179063e-06,0.15424208588362223
DALRD3,1.285339999999998,1.5149192568662127e-05,0.3276012892973185
DCN,1.4591166666666666,0.00014243281728631968,3.080109673816663
DCT,5.633026666666664,7.546873485058452e-07,0.016320113911438904
DDR1,1.078535555555554,1.846726749970984e-05,0.3993546596812253
DDX60L,1.024,0.003145903106963527,68.03015468808627
DECR1,1.3609133333333343,0.00010599598597026159,2.2921631966069067
DFNB31,1.1161933333333334,1.7183040789761513e-05,0.37158325707859274
DHRS1,1.146810000000002,5.134011534142457e-05,1.1102299942583063
DHX58,1.2574199999999998,3.20657265807983e-05,0.6934213373097632
DIO2,1.5199666666666678,0.0005613680149269914,12.13958332279619
DISP1,1.3115666666666659,0.0003163067069467344,6.8401325377231315
DKK3,1.5046400000000002,8.317380233745475e-05,1.798633475547459
DNAJB4,1.0402799999999992,0.00125288087251574,27.09354886815288
DNAJC1,1.2082566666666654,1.1884840329748668e-06,0.025700967213081495
DNAJC28,1.4007666666666667,0.0002124694355850483,4.59465154452667
DNM1P47,1.6944058333333327,0.00010860185071211058,2.348515021649391
DPP4,1.7963266666666664,0.0006640446601303818,14.359965775319507
DSC2,1.492656666666667,0.000898394381327733,19.427778496212227
DSCR8,1.5279466666666668,0.0016533938173166108,35.75464129947171
DTNA,2.02186,4.965850192655211e-05,1.0738651041616893
DUSP10,1.0749533333333314,0.000792601796736802,17.14001385443334
DUSP19,1.1842000000000006,0.0030519383232324366,65.99816623990144
DUSP5P1,1.45981,0.00016206026089867523,3.504553141933852
DYSF,1.2632499999999984,0.00010608527525118129,2.2940940773067955
DZIP3,1.2217633333333335,0.0005870678559886259,12.695342385754035
EDIL3,2.3965933333333336,8.087109150512438e-05,1.7488373537983146
EFEMP2,1.4674400000000016,5.744179548351614e-05,1.2421788273310366
EGLN3,1.6222866666666658,0.00019498389479466339,4.216526724934596
ELF1,1.1971666666666643,4.321132645211618e-05,0.9344449345270124
ENO4,1.1440099999999997,0.0004552447246422283,9.844667170388188
ENPEP,1.3600233333333334,0.0010604775247792355,22.932826473350968
EPHA5,1.6598400000000009,1.015158383117241e-06,0.021952800034910337
ERMAP,1.0654899999999996,0.00015668415664982078,3.3882948875523744
ERV3,1.8475433333333342,1.7658157768573497e-05,0.38185766174540187
ESRRG,1.0869766666666667,0.0004247037293944382,9.184218148154725
F2RL2,1.621430000000002,0.00034207218869627314,7.397311080556906
F8,1.299013333333332,0.00017973808059732082,3.886835992917063
FAM102A,1.3686233333333337,6.2264835028820485e-06,0.1346477057498243
FAM129A,1.8086399999999987,4.086487448320239e-05,0.8837029106992517
FAM134B,1.1804733333333335,0.0008197995233702711,17.728164692882114
FAM149B1,1.0720700000000019,0.0003284313585214498,7.102328128026352
FAM175A,1.1630366666666667,0.0003181478370063093,6.879946975261438
FAM198B,2.873266666666667,4.444991309672019e-05,0.9612293707165741
FAM214A,1.4905566666666665,0.00033619252483908243,7.270163349645157
FAM229B,1.0430699999999993,5.6567394503706614e-05,1.2232699061426555
FAM47E,1.62812,0.0008828095822127197,19.090757215350063
FAM63A,1.4463999999999988,0.00010532312400667053,2.27761255664425
FAM78B,1.0945833333333326,0.00031286031442833546,6.765604299512754
FAP,1.597529999999999,0.0016736775035236596,36.19327601369914
FAT4,1.711803333333334,0.00013525128268469534,2.9248089880565367
FAXDC2,2.0752700000000015,1.0179495147890686e-05,0.2201315825731361
FBN1,1.3056266666666652,8.198797642720447e-05,1.7729899902382966
FGD4,1.2460766666666636,0.000522299107989991,11.294718210283555
FGF1,1.9596433333333323,5.8675074488101535e-05,1.2688484858051956
FGFR2,1.1290433333333345,0.0005555038077062839,12.012769841648389
FGGY,1.2812700000000001,0.0001952395955210345,4.222056253142371
FHDC1,2.0235733333333323,2.1438320239078664e-05,0.4636036751700761
FLJ30403,1.0464700000000011,0.0002927311557355138,6.3303112427804855
FMO4,1.0685666666666656,0.01717444209976744,371.39731040747085
FMO5,1.51788,0.0006012166475681968,13.001310003662255
FOLH1,1.7885516666666676,8.161152982036738e-05,1.7648493323654446
FOLR1,2.350786666666666,1.8695554352616077e-05,0.4042913628753227
FOSL2,1.6366300000000038,8.90024995253839e-06,0.19246790522364265
FOXD3,1.1468966666666685,0.0003007047536626439,6.5027402979546745
FREM2,2.014479999999999,0.0005804798325529527,12.552876378957603
FRRS1,1.027873333333332,0.0007110607742650145,15.37668924348094
FRY,1.0428066666666664,1.7221897998414473e-05,0.372423544215713
FXYD6,1.1269399999999976,0.0006498139410916684,14.052226476107329
FYB,2.329033333333334,4.021067577477703e-05,0.8695558636295533
GAB1,1.5277566666666669,7.320453633388801e-06,0.15830480982203282
GABRA2,1.2091666666666674,0.008421345827650221,182.11160352293604
GABRB1,1.110523333333333,0.0019653240296754813,42.50013214173229
GABRG2,1.0642666666666676,0.0003147587674139319,6.806658345326277
GALNT5,1.350576666666666,0.0008156183535829942,17.63774689623225
GALT,1.044723333333332,8.145548741895672e-05,1.761474915434939
GAS2,1.0150233333333327,0.0010094175658734083,21.828654862012456
GAS6,1.0766433333333332,0.00020538199602887407,4.441385664124402
GCNT1,1.3204399999999996,0.001570942772358218,33.97163745224646
GDF11,1.1543633333333343,8.18071905677511e-06,0.17690804960276177
GDPD3,1.2870266666666668,0.0011342179089220616,24.527462280439583
GLIPR2,1.0864733333333323,0.001488287069616213,32.18420788045061
GLT8D2,1.4543366666666664,0.00023999903736071388,5.189979182925438
GNAI1,1.4560466666666665,6.255594716993394e-05,1.3527723575498216
GPC6,1.1784666666666652,0.00011056234906787972,2.390910798592899
GPNMB,1.3578333333333354,5.7728866731909836e-05,1.2483867430775502
GPR162,1.1342800000000013,0.0003520113309088557,7.612245030904004
GRAMD3,1.1483966666666667,8.633879430563856e-05,1.8670764268594338
GRIA2,1.335396666666667,0.0001906864820490807,4.12359517431137
GRIK2,1.8714666666666666,0.00011892169642801058,2.571681685255729
GRIN2A,1.0582199999999995,0.0009735050370885709,21.052046427040345
GRM8,1.0197499999999993,0.00010495710221273146,2.269697335350318
GRN,1.0302333333333333,8.285950549602987e-05,1.7918368063516459
GSTM2,1.0637699999999999,0.0009472880176702624,20.485103382119423
GSTT1,1.0537933333333331,0.00029201348088627794,6.31479152416576
GTF2A1L,1.4213266666666682,0.0017637723926075745,38.1415779901388
GTF2IRD2B,1.9207750000000017,5.6591890280879455e-05,1.2237996273240181
GUCY1B2,1.216120000000001,0.0005852264984217767,12.655523028370922
GXYLT2,1.1372,0.0002929997473134498,6.336119535653352
H6PD,1.2023133333333327,0.0003677499757282604,7.952593225123631
HBP1,1.5513000000000012,9.068931656214755e-05,1.9611564706564406
HDAC5,1.0025466666666656,6.72942312133151e-05,1.4552377499879392
HECTD2,1.1838966666666648,0.0010175804224764808,22.005176636053896
HECW2,1.5131033333333335,1.0600493093818188e-05,0.22923566315381833
HERC6,1.1347633333333338,2.6670209721985706e-05,0.5767432852379409
HHLA3,1.3944799999999997,8.417181695540325e-05,1.8202155416605952
HIST1H3E,1.11341,0.00032843245301464427,7.102351796441682
HMGCL,1.3948266666666669,0.00012235013078883836,2.6458215783086296
HMGCLL1,1.7847966666666677,7.795643596309163e-05,1.6858079277018565
HMGCS2,1.0700366666666659,0.0029910157515623736,64.68071562753633
HMOX1,1.231253333333333,0.00015802724112613803,3.4173390893527347
HPGD,2.03651,6.736318301937176e-05,1.4567288327939145
HSD17B3,2.220933333333331,0.00020087141223084807,4.34384428949209
HSD17B8,1.2320333333333338,1.4522069743901663e-05,0.31403975821187347
HSPG2,1.0420766666666665,1.2981055450433514e-05,0.2807153241156247
HTATIP2,1.016186666666668,0.002965016980211058,64.11849219706413
ICA1,1.4239266666666666,5.092301052170659e-05,1.101210102531905
ID2,2.786533333333333,1.401896949340498e-05,0.3031602152948827
ID3,1.3867899999999977,0.00033741019635046064,7.296495496078712
IFI30,1.0876999999999981,0.00016433521948741874,3.55374912141543
IFI44L,2.3342800000000006,2.0427231531409306e-05,0.4417388818667262
IFIT2,1.269053333333332,3.470029986039604e-05,0.7503939844810643
IFITM1,1.4461899999999996,5.4773301230203574e-05,1.1844726391031524
IFITM10,2.2249566666666674,1.5503830729814966e-05,0.3352703395322486
IFT81,1.0760733333333334,0.0012641241589304239,27.336684936870416
IGFBP5,2.7494366666666643,7.896566159586464e-06,0.1707632432010573
IL10RB,1.053756666666665,0.0005229874849959123,11.309604363036604
IL16,1.1218599999999999,0.00021449535913482045,4.638462141290492
IL6R,1.4966433333333313,0.000403413583399523,8.723818741014686
ING4,1.126736666666666,0.00033565726762818665,7.258588412459536
INPP5D,1.0136900000000004,5.5063756208458473e-05,1.1907537280079146
IRAK4,1.091546666666666,0.0023826303645692578,51.5243816338102
ISYNA1,1.3381900000000009,0.00021793539588827468,4.71285293608394
ITGA4,1.1377000000000024,0.000665539701539597,14.392296045793785
JAKMIP2,1.8365900000000002,9.799668655416333e-06,0.2119178346733782
JUN,2.244019999999999,3.4150780564452485e-06,0.0738510629706285
KAT2B,1.824600000000002,1.622029866893006e-05,0.35076395871561256
KCNJ10,1.5188066666666655,0.00013467709319620928,2.9123921403680257
KCNS3,1.3010433333333324,1.8768034578565255e-05,0.4058587477614736
KIAA0825,1.2745699999999998,0.0014287585043122083,30.896902655751504
KIAA1107,1.5553300000000005,0.0009339261384386622,20.19615274373607
KIAA1324L,1.0489766666666647,0.00028024798698715684,6.060362718597267
KIAA1407,1.1282933333333327,0.00022961191655011782,4.965357695396298
KIAA1598,1.4779600000000013,1.3460059117830717e-05,0.29107377842308924
KIF13A,1.165373333333335,0.00023201182477358484,5.017255710728772
KLHDC1,1.5403366666666676,0.0004909138708786264,10.616012457750296
KLHL24,1.2457066666666652,0.0016774745535490226,36.27538722049761
KLHL3,1.4724466666666665,0.0004158392393797826,8.992523551587798
KRCC1,1.7491766666666662,7.4800299517895e-05,1.6175564770744792
KSR2,1.2843200000000001,6.063102083757956e-05,1.311145825612658
LAMA2,1.3083300000000007,0.0002218641809417105,4.79781291286449
LCTL,2.2083399999999997,1.5402470084239634e-06,0.03330784155716821
LEMD1,2.2666899999999996,1.701947661066749e-05,0.3680461817056845
LGALS3,1.1174099999999996,0.00026642725033023583,5.76148928839135
LGR4,1.9238166666666672,8.064386799287138e-05,1.7439236453458435
LGR5,2.335186666666668,8.641746458607497e-05,1.8687776716738713
LHX9,1.010486666666666,0.0017498527502341529,37.840565723813555
LINC00174,1.1286799999999984,0.0019735609789733608,42.67825617029893
LINC00310,1.20172,4.933132489167225e-05,1.0667899007824124
LINC00324,1.4075666666666669,0.0013816234718405475,29.877607578551842
LINC00346,1.3719333333333328,0.0009667823377420041,20.90666805367084
LINC00461,1.3121099999999997,0.0012762630408839376,27.599188259115152
LINC00518,2.914243333333334,4.636455097195173e-05,1.0026334147684561
LINC01152,1.0466199999999999,0.0037449268185272815,80.98404245065247
LINGO2,1.7615033333333345,0.00039370443403701145,8.513858386050373
LMF1,1.2513433333333328,3.963685914616708e-06,0.0857147079035863
LOC93432,1.665496666666666,8.327748273260321e-06,0.18008755640925445
LPHN3,1.0083833333333327,0.00019102880456520636,4.130997898722588
LRAT,1.108593333333335,4.0356168391110895e-05,0.8727021414577731
LRP1,1.221373333333334,4.896518890496621e-07,0.010588722100698942
LRP1B,2.7205466666666664,2.024928553948018e-05,0.43789079979125883
LRRC17,1.5341733333333325,1.3519462394126801e-05,0.2923583742729921
LRRC7,2.790706666666666,0.0006232860206988538,13.478560197612714
LSAMP,2.6495733333333336,6.894520564982044e-06,0.14909400721773672
LUM,1.1253333333333355,0.0016150732249308782,34.925958489130245
LURAP1L,1.9325766666666677,0.0008867408303900462,19.17577045718475
LY96,2.6787433333333315,0.0002284884519302092,4.941062772990774
LYPLAL1,1.0121333333333338,0.0051712634545807,111.82857220530764
LYRM5,1.179780000000001,0.0021706978613102355,46.941341250833844
LYRM9,1.530076666666667,0.0014640818026935894,31.66076898324887
LYST,1.7531733333333328,0.0002350453724677947,5.08285617961606
MAF,1.8671966666666684,9.714826171524633e-06,0.2100831159592202
MAGED2,1.23503,0.00036077301205332096,7.801716385653066
MAGI2,1.2731766666666653,0.00012710078727018586,2.748554524717769
MAP1A,1.6307266666666678,9.970864046829058e-06,0.21561993501267837
MAP1LC3C,1.272053333333334,0.0012464331899958076,26.95411773365934
MAP3K12,1.0713000000000008,0.00011253732344081308,2.4336196194075828
MC4R,1.0313533333333327,0.00023796275241898357,5.14594452106052
MCC,1.8941700000000008,1.3261347936015313e-05,0.28677664911633116
MDGA2,1.0540866666666657,0.00043180946174048315,9.337879610137948
MDK,1.098866666666666,0.00013067171642470803,2.825775867684311
MEF2C,2.0917633333333345,1.098529512223483e-05,0.2375570070183282
METTL21EP,1.065343333333332,0.00012522648916847136,2.7080228282681933
METTL7A,1.7016566666666657,0.0008226733142147222,17.790310419893366
MFSD6,1.1933533333333326,0.00016413159827426184,3.5493458126809125
MGC45800,1.517943333333335,5.104330736995868e-06,0.11038115218753564
MGP,3.0130066666666657,7.589731745239164e-05,1.6412794899079692
MGST2,1.0426266666666653,0.005556455732911397,120.15835522420895
MIR181B1,1.093820000000001,0.0008530600054610435,18.447422618095064
MIRLET7C,1.300136666666667,0.0035506145285968604,76.7820391809071
MKRN9P,1.2768733333333326,0.00032654450629628,7.061524948657055
MLC1,1.1618566666666643,0.00015097379068520095,3.2648082235674707
MMP12,1.41934,0.0007253183073504545,15.68500839645358
MMP15,1.2056466666666665,0.00021355466140438544,4.618119552869835
MMP19,1.3330866666666665,0.0006254694445595585,13.525776738600452
MOXD1,3.2630633333333297,1.0109167894129537e-07,0.0021861075571055124
MPPED2,1.1000433333333328,0.00020781903325307253,4.494086594097694
MR1,2.5318266666666664,2.227345298407153e-06,0.04816634207805469
MRAS,1.392009999999999,7.88692548718568e-06,0.17055476366039032
MTHFR,1.1304166666666662,1.3528060599624387e-05,0.29254431046687734
MTMR11,1.1833466666666679,4.149744911147559e-06,0.08973823370356597
MTMR9LP,1.2389333333333337,0.000502615175512935,10.86905317046722
MUC1,1.5909166666666659,0.00034499969306535274,7.460618362538253
MUC15,1.456900000000001,0.000215191896843385,4.653524769238201
MVP,1.5031866666666645,4.6715048204310704e-07,0.010102129174182189
MYLK,2.2483233333333343,6.639996268045132e-05,1.4358991929647598
MYRF,1.2722566666666664,0.0001349527357950869,2.918352911568754
N4BP2L1,1.0453866666666674,0.0016405252795510727,35.47635917029195
NAV2,1.2298133333333316,0.0017516158484666578,37.878692723091476
NBEA,1.2396400000000014,0.0012879546584202064,27.852019488336964
NCALD,1.1903766666666646,1.2264232360140143e-05,0.2652140247880306
NDRG2,1.1596500000000027,0.00015747395802208572,3.4053743422276037
NEBL,1.3473833333333323,3.753771669939938e-05,0.8117531236245117
NEFL,1.2885133333333343,1.2185072008857239e-06,0.02635021821915378
NEK1,1.2376433333333345,0.0004436472618895924,9.593872038362436
NEU1,1.089106666666666,2.0317291745258698e-05,0.43936143399121935
NFKBIA,1.1604300000000016,7.055220916766278e-05,1.5256915232507076
NIPAL2,1.0122033333333338,0.0002594582095890758,5.6107837823637645
NIT1,1.105506666666665,7.66993066271151e-05,1.6586225058113642
NMRK1,1.0082000000000013,0.0002976989391565314,6.437739559259992
NOV,2.6583500000000004,8.532128101548143e-06,0.1845072701959786
NR2F1,1.1173533333333339,0.0009477581209732919,20.495269366047438
NR5A2,2.101306666666665,0.00011158200038688406,2.412960758366368
NREP,1.7869333333333337,5.3405213964043946e-05,1.1548877519724503
NRP2,1.500634999999999,0.0001534018559660997,3.3173151352669064
NTNG1,1.0607766666666665,0.00016749036702844305,3.621979186990081
NUDT17,1.5116466666666675,3.672880401040772e-06,0.0794260386725067
NUDT4,1.031175000000001,0.0021999195969750495,47.57326128458545
NUDT9P1,1.8113633333333352,0.001695273459694193,36.66028856588692
NUPR1,3.030996666666667,6.128594086492043e-07,0.013253084712039042
NYNRIN,1.0729583333333341,0.0002616607523391306,5.658413769333699
OLFML2A,1.4008033333333358,0.00043412345143480573,9.387919637277674
OLFML2B,1.2210833333333335,1.4606056862409328e-05,0.3158559796496017
OR2L2,1.0206600000000003,0.007054007161897134,152.54290487602552
OR2L8,1.0900566666666656,0.011387378051545473,246.25205036467085
OR4F15,1.2253999999999996,0.005025780374449038,108.68250059746045
OR6C70,1.036950000000001,0.006314717743850636,136.55577121077
OR9A2,1.074043333333334,0.009917466000975993,214.46520227110585
ORAI3,1.8063766666666687,3.565737016955441e-05,0.771090629916614
P2RX4,1.3056500000000009,0.0008306097713770116,17.961936306027876
P2RX7,2.6273533333333337,0.00011121620016986575,2.405050328673347
PAQR6,1.2125466666666682,7.075179541432639e-05,1.5300075758348082
PARK2,1.178186666666667,9.503384107520152e-06,0.2055106813251233
PBLD,1.3619966666666663,0.0002717266187771424,5.876088131055704
PBX1,1.7942733333333347,2.1986219167401034e-06,0.047545198949504736
PCDH10,2.0650233333333343,9.130860032230554e-07,0.019745484819698574
PCDH15,1.347243333333334,4.338652855986343e-05,0.9382336801070466
PCDH18,1.3608766666666678,0.0008619474127359659,18.639612800415264
PCDH20,2.6203366666666676,8.162335712238098e-05,1.7651050977714888
PCDH7,2.0564866666666672,0.0002748891562493086,5.944478003891298
PCDHB10,1.0025600000000008,1.5291029090298035e-05,0.330668504077695
PCDHB13,1.0389399999999993,0.0020890403640041197,45.17549787158909
PCDHB14,1.4076233333333334,0.0005016928537166382,10.8491079616223
PCDHB15,1.9124966666666676,8.221853888714556e-05,1.7779759034345228
PCDHB18,1.5663799999999997,1.958384863918499e-05,0.4235007268223754
PCDHB3,1.1940166666666672,0.0004699234962980492,10.162095607445313
PCDHB4,1.1392766666666665,0.005384205488153743,116.43344368132469
PCDHB8,1.0772699999999995,9.197604003815059e-05,1.9889818658250065
PCSK2,1.4415900000000006,0.0004602583087922459,9.953085927632317
PCYOX1L,1.01032,0.0002863314300655573,6.191917175167677
PDE4B,1.0068966666666643,0.00032872157429868844,7.108604044209137
PDE5A,2.7598833333333337,5.703831917548345e-05,1.2334536521698296
PDGFRB,1.082066666666666,0.00044567706325553374,9.637766492900917
PDK2,1.0269000000000013,4.698506601959409e-05,1.0160520526737222
PDZK1,1.546803333333334,0.00029038872881764375,6.279656260681546
PDZRN3,1.6029800000000005,8.249027310583782e-07,0.01783852155913743
PGAM2,1.3278033333333337,0.0001614365399760981,3.491065176983121
PGM2L1,1.868286666666667,4.3023514245577034e-05,0.9303834955606034
PHF11,1.2799233333333344,0.00011312659327309389,2.446362579530655
PHF21A,1.0989000000000022,6.133331489179449e-07,0.01326332934535056
PHYH,1.2623233333333346,6.510675114391787e-05,1.4079334934872239
PIK3C2B,1.1575166666666643,8.540337618948125e-06,0.1846848010097532
PIK3R1,1.0480666666666671,5.917155346882803e-05,1.2795848437634063
PLAC8,1.0594133333333335,0.007838703629455273,169.5119659869703
PLCD1,1.0632799999999998,5.7135626701625884e-05,1.2355579274226598
PLCD4,1.8365333333333345,0.0001657501821782203,3.584347689604014
PLCE1,1.2377266666666635,0.00022961784066498778,4.965485804380361
PLD3,1.057433333333334,2.9921928088619337e-05,0.6470616949163932
PLEKHG1,1.7422333333333322,5.15385278469692e-05,1.1145206646907089
PLP1,1.823433333333334,2.0688061095334635e-05,0.4473793211866115
PLSCR4,1.245396666666669,5.2616847774085495e-06,0.11378393331145989
PLTP,1.1057333333333332,0.00036748052564931623,7.946766367166464
PLXNB3,1.361749999999999,7.488067569243533e-05,1.619294611848914
POLD4,1.010600000000002,0.000111540157317393,2.412055901988624
POLR3GL,1.3568066666666665,0.00037327265731932057,8.072021214530308
POU6F2,1.2154766666666665,0.00036560101225119817,7.906121889932161
PPAP2A,1.5103233333333321,2.3564188849110795e-06,0.0509575583862021
PPAP2B,1.4962166666666672,5.786984433116285e-05,1.2514353836613967
PPARGC1A,2.1146866666666675,0.0008510089120235387,18.403067722509025
PPM1N,1.005443333333333,8.761859371893545e-05,1.8947520891719791
PPP1R21,1.0555666666666657,0.0003092352260092743,6.6872117624505565
PPP2R2B,1.6303349999999979,2.2290298146251507e-05,0.48202769741268886
PRAF2,1.1412000000000013,4.0474700731305526e-05,0.875265403314482
PRELP,1.4746366666666662,0.0027088828569064535,58.57959178060206
PRICKLE2,1.0326200000000023,0.0011919881825977717,25.776744448676812
PRKD1,1.4580333333333328,0.00018868612432922506,4.080337438619492
PRKG1,1.172413333333334,0.0009313585198751528,20.14062799230018
PROS1,1.2656616666666674,0.0031438490021532457,67.98573467156393
PRUNE2,4.261339999999999,2.7724842719140416e-05,0.5995497238014115
PSORS1C1,1.0026383333333335,4.634991818987385e-05,1.002316980856022
PTN,1.307923333333333,0.0010111191635412747,21.865451911580067
PTPRB,1.1511466666666657,0.0016926313256762585,36.603152417749094
PTPRZ1,1.8217466666666677,0.000391173614120313,8.459129405351769
PUS10,1.0429000000000013,0.0013521535161623427,29.240319787010662
PYGL,1.3007000000000026,1.5783076029355564e-06,0.03413090191348141
RAB26,1.01084,0.0002751451812338152,5.950014544181253
RAB27B,1.5440733333333316,0.00014202114777901557,3.0712073207212116
RAB3B,1.4968700000000013,5.629013346033875e-05,1.2172741360798256
RALGPS2,1.056703333333333,0.0002448854060357395,5.295646905522867
RARB,2.2085533333333354,1.6181764365874414e-05,0.3499306544120342
RASGRP1,2.1412833333333348,5.802797371318061e-06,0.12548549315475307
RBKS,1.3277300000000007,3.125120650794192e-05,0.6758073407342441
RBP4,1.2109566666666653,0.0045434587180039525,98.25229477683547
REEP2,1.058646666666668,0.00014943419767042462,3.2315145246229324
RFTN2,2.4025533333333327,8.886743420311089e-05,1.9217582646422728
RGS8,1.2432333333333334,0.00018316402231144225,3.9609219824849387
RHOBTB1,1.13281,0.00011842673502009911,2.5609781448096434
RHOBTB3,1.2528333333333332,0.0001364766213734785,2.9513069372014726
RHOU,1.3705133333333333,0.0002880896361477184,6.22993838169441
RIN2,1.0832466666666676,9.083164667936816e-05,1.9642343594413365
RN7SKP240,1.3825000000000012,0.00301565367960403,65.21351082143714
RN7SL688P,1.9474,0.0008793497599936591,19.015938559862878
RN7SL720P,1.1265133333333335,0.004860754855944439,105.11382375979849
RN7SL751P,1.2701533333333348,0.0027540513407575107,59.55636024388117
RN7SL815P,1.2411666666666674,0.019907813989375907,430.506477520254
RNF144A,1.4861266666666655,0.0001916083607706681,4.1435308016656975
RNF150,2.4343466666666664,7.108322104904518e-07,0.01537174655185602
RNF217,1.3370233333333346,0.00019586055397732214,4.235484479759592
ROBO1,1.0544333333333338,3.227627985923399e-05,0.697974551955935
ROBO2,1.7046399999999995,2.2529823085799588e-05,0.4872074242304161
ROPN1B,1.366766666666667,0.0001641770212636057,3.5503280848254732
RORB,1.164813333333333,0.00012651999953555032,2.7359949899562754
ROS1,1.6265566666666675,1.0505877646184338e-05,0.22718960409873631
RPE65,1.3524933333333333,6.432967957668955e-05,1.3911293208459115
RPRM,1.3758766666666657,0.0008677006644272538,18.764026868239362
RRAS,1.0645000000000007,0.0001072792311604833,2.3199133738454516
RSPH3,1.0290766666666649,3.151292122659116e-05,0.6814669215250337
RSRP1,1.0204700000000013,0.0007215785099060106,15.604135276717479
RWDD2A,1.2164700000000002,6.325459771636187e-05,1.3678806756163253
S100P,1.0575533333333356,0.0005680593605225187,12.284283671299468
S100Z,1.5736566666666665,0.0004180449618943805,9.04022230096598
SAGE1,1.116646666666668,7.078336519419446e-06,0.15306902723244553
SAMD12,1.1272966666666653,0.0005436007129988734,11.755365418600636
SAMD9L,1.4275833333333328,6.896356268119348e-05,1.491337042980809
SATB1,1.7550066666666666,1.7008299877360598e-05,0.36780448484792294
SCG5,2.285703333333335,1.0974866417062553e-05,0.2373314862689777
SCN2A,1.1440666666666672,2.0071652439594828e-05,0.43404948400623816
SCRG1,2.5813766666666673,2.0718910240263813e-06,0.0448046433945705
SCUBE3,2.5489066666666655,1.9065976543040376e-05,0.4123017427432481
SEL1L3,1.5654266666666672,0.000204840413904677,4.42967395068864
SEMA3C,2.3409666666666666,6.864874228760868e-06,0.14845290519695375
SEMA6A,2.0698833333333324,1.751572079375365e-05,0.3787774621649227
SEPP1,2.8630200000000006,7.230972871648508e-05,1.5636978834939899
SERINC5,2.061536666666669,0.0005053729136814173,10.92868925836065
SERPINA5,1.1532966666666669,0.00020062249235051956,4.3384613970799855
SERPINF1,3.1068299999999995,4.641588799639839e-06,0.10037435779221152
SESN3,2.801253333333335,4.681789922769153e-06,0.10124370707988294
SETDB2,1.0195600000000002,0.008611568853332644,186.22517645331843
SHISA4,1.3152733333333337,0.0004667633345556732,10.093757109766432
SIDT2,1.4752333333333336,1.942393733890423e-05,0.420042644953804
SIPA1L2,1.5654299999999992,0.00011743594514097803,2.5395523136736498
SLAIN1,1.8132400000000004,1.2596338745833827e-05,0.27239582537865653
SLC12A6,1.126373333333337,1.0339929769056951e-05,0.22360098125585656
SLC12A8,1.2584633333333324,0.0012511120359352328,27.055297777099412
SLC16A4,2.1781033333333326,1.9130954564916838e-05,0.41370689246632664
SLC17A5,1.2999399999999994,5.824767780627591e-05,1.2596060325607166
SLC25A10,1.2132666666666676,0.00015944240149646635,3.447941932361085
SLC2A12,2.361576666666666,0.00015713696072906726,3.3980867757660795
SLC35D2,1.171456666666666,0.0001830110084050829,3.957613056759918
SLC38A3,2.4157166666666665,2.3118757880511476e-05,0.49994313916606065
SLC44A5,1.0447566666666663,0.0003046748316470208,6.588593234366824
SLC46A3,1.1287133333333346,0.0009433371847404603,20.399666620012454
SLC50A1,1.0240666666666645,1.0308407190334519e-05,0.222919305490984
SLC5A12,1.718440000000001,1.1285548544164145e-05,0.24404998726754965
SLC7A8,2.2967666666666675,0.0002920354931602393,6.315267539590176
SLC9A9,1.232446666666669,0.00011547682590298962,2.4971863601521505
SLFN5,1.4100666666666655,0.00011867326426500804,2.566309339730799
SLITRK3,1.172226666666667,0.0003962804875252066,8.569565542732594
SMIM14,1.7834866666666667,3.592014146115237e-05,0.77677305909742
SMPD1,1.1452899999999993,0.00011262829116762398,2.4355867964998685
SMPX,1.0100933333333337,0.0011717430147031118,25.33894269295479
SNAI2,2.6577833333333327,1.346171784474101e-05,0.29110964839252434
SORBS1,1.311303333333333,2.5842514834681974e-05,0.5588443832999976
SOX2,2.128120000000001,5.909395858363625e-06,0.1277906854371134
SOX4,1.1301233333333336,9.174161466472851e-05,1.9839124171247542
SPANXB1,1.0425799999999992,0.00015349043359553575,3.3192306265034603
SPATA17,1.2585700000000015,0.002343896784572496,50.68676796638023
SPATA7,1.1256633333333328,0.0005857540534165568,12.666931405133042
SPON2,1.4587666666666657,4.136719886274195e-05,0.8945656754067948
SPP1,1.9478099999999987,0.0006313159076993753,13.652206503998991
SSBP2,1.5376999999999992,9.352840400546684e-06,0.20225517366182205
SSH3,1.0250000000000021,0.001107964237643404,23.95972663903861
ST6GALNAC2,3.875119999999998,2.405663547933597e-06,0.05202247422406403
ST8SIA4,1.8925366666666665,9.84842313667434e-05,2.1297215033058263
STAT2,1.2624300000000002,0.0008922419475022299,19.294732114735723
STON2,1.070946666666667,0.00012458008628543754,2.694044365922587
STX7,1.0998500000000018,0.0011419046008384391,24.693686993131244
SULF1,1.3001166666666677,3.981907700978873e-05,0.8610875403366812
SWT1,1.0590100000000007,0.0005174816597842177,11.190540892833708
SYBU,1.1013099999999998,0.0015265907680497965,33.01252535907685
SYNC,1.2338766666666672,9.429642507166615e-05,2.0391601921747804
SYT1,1.1303266666666651,0.0006296794578477574,13.616818275957753
SYT11,1.0894999999999975,1.1455364643288927e-05,0.24772226041112302
SYT14,1.2493300000000005,0.00030307499687146647,6.553996807345462
SYTL2,1.3022966666666678,0.0005170349138529787,11.180880012070665
TANC2,1.507933333333332,6.785914539805302e-05,1.4674540192328964
TBCK,1.1354200000000017,0.002580373206424179,55.80057058892287
TCF4,1.1179933333333327,7.403604723905663e-06,0.16010295215445997
TCN1,3.3576699999999997,4.082041880617653e-05,0.8827415566835675
TCP11L2,2.6376300000000006,1.3441869430856495e-05,0.2906804264422717
TENM3,1.7062333333333317,1.2115061335408401e-07,0.0026198820137820667
TGFB1,1.0603366666666645,5.043938343327129e-05,1.0907516667444916
TGFB2,1.0441566666666677,0.0006248955151282976,13.513365514649436
THBS3,2.0951033333333324,2.5755086196576413e-05,0.5569537390009649
THNSL2,1.1752966666666662,1.427841320374171e-05,0.30877068553091447
TLR3,1.0802966666666673,4.899026339960928e-05,1.0594144460165507
TM7SF2,1.3743300000000005,0.00011450451345515196,2.4761601034676612
TMEM117,1.3009766666666671,0.0004391578854034376,9.496789271849337
TMEM130,1.0127566666666663,0.0003447472139987222,7.455158502722367
TMEM150A,1.0468800000000016,0.0011081770963306573,23.964329708150466
TMEM198B,1.8355033333333317,1.4814669406921179e-06,0.03203672259246705
TMEM229B,1.0548466666666663,0.0008553301979239643,18.49651553010573
TMEM255A,1.1557999999999993,0.00036477185166832886,7.888191292327612
TMEM47,1.0288000000000004,1.2431465536124717e-05,0.268830442218697
TMEM86A,1.067680000000002,0.0018347881949153874,39.67729471504525
TMOD2,1.441040000000001,0.00014523908512201474,3.1407952157635686
TMPRSS3,1.0966366666666678,0.0006472801018931741,13.99743220343989
TMPRSS5,1.6182466666666677,5.9917241526057484e-05,1.295710348000993
TNIK,1.4264933333333332,2.7368691345555778e-05,0.5918479503476437
TOX,1.1581599999999996,0.0005012347100616369,10.839200605082898
TP53INP1,2.2912966666666668,8.418630668654267e-05,1.8205288820964851
TP53INP2,1.3176066666666664,9.361319910957295e-05,2.024385430744515
TP53TG1,1.0820800000000004,0.00015828790854783688,3.4229760223469725
TPPP3,1.366833333333334,6.810977587278015e-05,1.4728739032488707
TRAK1,1.9450000000000003,4.353127029924231e-07,0.00941363720221115
TRIM2,1.3888333333333325,3.630073071684565e-05,0.7850033017517871
TRIM6,1.4291599999999995,0.0008192648693033883,17.71660279868577
TRIM9,1.5889933333333337,4.878665046048831e-05,1.0550113162080597
TRPM3,2.9249133333333335,9.005285153718037e-06,0.19473929144915256
TRPM8,1.1616866666666672,0.001682624841019421,36.38676218704498
TSHZ2,1.5533466666666662,4.794207312112678e-06,0.10367473312443667
TSPAN31,1.0266999999999982,3.0288999625920168e-05,0.6549996169105237
TSTD1,1.0251166666666665,6.504452799691543e-06,0.1406587917933296
TTLL1,1.3021100000000008,2.762701841400022e-05,0.5974342732027548
TTLL3,1.6000233333333327,6.978806991896721e-05,1.509167011997666
TUBA1A,1.8295433333333317,7.578333159099458e-07,0.016388145456552577
TXNIP,2.9485433333333315,2.5554071716972784e-06,0.055260680087953644
UBA7,1.4589166666666662,8.578359316163884e-05,1.85507020212044
UGT2B11,1.2040216666666659,1.100987847432525e-05,0.23808862200728353
UGT2B7,2.046903333333333,0.0002742848306623955,5.931409463074303
UNC5C,1.1105433333333323,0.0008739853883685155,18.899934023469147
USP2,1.424949999999999,5.00817320692168e-05,1.0830174559968133
VEPH1,1.6451100000000007,0.0002722272763004443,5.886914849997108
VGLL3,1.099286666666667,0.00027243720615508724,5.891454583103761
VPS13C,1.290379999999999,0.00030768879367085687,6.65377016313228
VPS39,1.0235000000000003,8.755143004578155e-06,0.1893299674740026
WBP1,1.394155555555555,0.0001171991361477069,2.534431319194162
YPEL2,1.1945300000000003,0.00013173012820288284,2.8486640223873416
YPEL3,1.2950533333333345,0.004687804825707772,101.37377935593058
YPEL5,1.1122233333333345,0.00017496847372407688,3.7836932442831626
ZBTB20,1.1119833333333329,0.0005141132427440002,11.117698874339004
ZC3H6,1.8053499999999998,3.9450720505227e-05,0.8531218309255338
ZEB2,1.627766666666668,4.0935993818444714e-07,0.00885240866323867
ZFP90,1.0984500000000006,0.0005727810061271844,12.386389257500364
ZNF117,1.6790400000000005,0.0004048278212929603,8.754401635460267
ZNF204P,1.349616666666666,0.020960466981036298,453.27009846490995
ZNF334,1.1132799999999987,0.0003267596925572729,7.066178351551026
ZNF429,1.7963766666666663,0.00028310438287383084,6.122132279646592
ZNF521,1.076690000000002,0.002146231324402935,46.41225239021347
ZNF528,1.2466400000000002,0.00046713747642156876,10.101847927616424
ZNF536,3.045700000000002,8.618156568928627e-05,1.8636763580308158
ZNF608,1.7272766666666666,6.737875641178213e-07,0.014570656074047887
ZNF83,1.05469,0.0002712210061770355,5.865154258578392
ZNF846,1.3848666666666665,0.001417086495983371,30.644495475640397
ABCE1,-1.1366333333333323,0.00022205244677471462,4.801884161503204
ABHD17C,-1.3642499999999984,0.00044932984321878976,9.716757859606329
ACTN1,-1.2447333333333326,9.915841818694035e-06,0.2144300793292585
ADAM19,-1.0414533333333331,0.00035535288716626175,7.68450618497041
ADAMTS9,-1.1240300000000003,2.378241432390538e-05,0.5142947097544539
AEN,-1.0581066666666672,7.119978612446344e-05,1.5396953749415219
AJAP1,-1.741200000000001,2.016564351020896e-05,0.4360820409082688
AK001568,-1.101729999999998,0.0007729218176203235,16.714434306039497
AK303336,-1.0797499999999989,0.00260765901814115,56.39062626730237
ALDH1B1,-1.0971733333333322,0.00010433041799720648,2.25614528918959
AMD1,-1.0088966666666668,0.006601205802938131,142.75107548853708
AMIGO2,-2.717579999999999,1.6192231079272166e-05,0.35015699708926057
ANKRD1,-1.9815766666666654,0.00023453009725433465,5.071713353124987
ANLN,-1.1208333333333336,0.0008459574904545129,18.29383073107884
ANO1,-1.6260933333333334,3.90854676446772e-05,0.8452232378161445
ANO4,-1.7700733333333343,0.0007503007598657635,16.225253932097136
AREG,-2.7414433333333337,3.252123329010825e-06,0.0703271669898591
ARHGAP11A,-1.2883433333333336,0.0010564960712134916,22.846727539991754
ARHGAP11B,-1.1448600000000013,0.0014626620293347996,31.63006638436504
ASF1B,-1.737099999999998,8.540955998182592e-05,1.8469817346069854
ATAD2,-1.9541299999999993,1.0997719706866321e-05,0.2378256886609842
ATAD3B,-1.0465499999999999,2.4081608319046047e-05,0.5207647798993708
ATAD5,-1.7140000000000004,2.7610137864668264e-05,0.5970692313234512
AUNIP,-1.5989800000000018,0.00017433086841297065,3.76990502943049
AURKA,-1.0990666666666655,0.0005874928021664564,12.704531846849621
AURKB,-1.2762666666666664,5.111900470828483e-05,1.1054484768166595
AY358648,-1.7427466666666653,6.859587593824238e-05,1.4833858171644914
AY554164,-1.5183933333333322,0.00034939273847556576,7.55561796953411
BAIAP2L1,-1.2893866666666671,4.093035003886228e-05,0.8851188195903967
BC036054,-1.221306666666667,0.002846346627970417,61.55224582986027
BC037906,-1.966190000000001,0.0009921182579815863,21.454557328851806
BCAR3,-1.2073933333333322,2.730622709378266e-05,0.59049716090305
BIRC5,-1.0706300000000013,0.0004183332436965162,9.046456394937163
BLM,-2.31843,0.00013983595238912814,3.023952470414896
BOP1,-1.0883850000000006,1.1636881981702705e-05,0.251647572854321
BRCA1,-1.4945399999999989,0.00016143825619682845,3.491102290256415
BRCA2,-1.9569099999999988,0.0003695620043264877,7.991778343560297
BRI3BP,-1.3779066666666662,2.2829336341575913e-05,0.4936843983865791
BRIP1,-1.6009166666666648,0.00010792757104904369,2.3339337239355697
BRIX1,-1.0243666666666673,0.00034584624425739184,7.4789250320660985
BUB1,-1.324343333333335,0.0007761022685468414,16.783211557325444
BUB1B,-1.1204666666666672,0.0001339194124336687,2.896007293878086
BYSL,-1.1740433333333335,0.00012202190534386393,2.6387237030610575
CALB1,-1.1276333333333328,0.003561433551999148,77.01600056198157
CALB2,-1.2990666666666666,0.00023795746680425124,5.145830219641933
CASC5,-1.046033333333332,0.001331744396926392,28.798972583533228
CCDC15,-1.3123300000000002,0.0011287390651378922,24.408982283606917
CCDC86,-1.4188966666666687,4.1665395885295174e-06,0.09010141860195081
CCNA2,-1.3330666666666673,3.740052945566785e-05,0.8087864494788172
CCNB1,-1.0478666666666658,0.000276256247784573,5.974041358341391
CCND1,-2.4881566666666686,1.4255084484661553e-07,0.003082662019808061
CCNE2,-2.6031433333333336,5.2575434701746205e-06,0.11369437754252616
CCNF,-1.2648733333333375,0.0026281394967289907,56.83351661676442
CD200,-1.4189266666666667,0.0012048011684736499,26.05382526824268
CDC25A,-2.5443100000000003,7.766775485307727e-06,0.16795651986977958
CDC25C,-1.0034166666666673,0.004486943170672485,97.0301460657925
CDC45,-2.538339999999998,2.2506716417528838e-05,0.4867077425290611
CDC6,-1.4875400000000027,6.958316737379398e-05,1.504735994458295
CDCA2,-1.2179966666666662,0.001405727372810076,30.398854437017896
CDCA3,-1.23053,0.00016006267333417969,3.4613553108516357
CDCA4,-1.4074166666666663,2.1630881781429545e-05,0.4677678185234139
CDCA5,-2.168806666666666,3.157884278109636e-06,0.06828924751412088
CDCA7,-1.9643499999999987,0.00017014600915015427,3.6794074478720864
CDCA8,-1.2212733333333325,0.00012465948690552856,2.695761404332055
CDK1,-1.7125100000000018,0.0003810789894096574,8.240833145983842
CDK2,-1.2233666666666654,1.774742035179815e-05,0.383787965107635
CDK6,-1.1735333333333333,0.0009708662330812102,20.99498229038117
CEMIP,-3.337559999999999,1.3675595348705085e-05,0.29573474941574746
CENPA,-1.1091333333333324,0.0005203201560060331,11.251923373630465
CENPE,-1.0599833333333333,0.002989496431922256,64.64786034031879
CENPH,-1.0171833333333318,0.002638598162192407,57.0596852574108
CENPI,-1.3299200000000004,0.0032552634721597735,70.3950725854551
CENPK,-1.643229999999999,9.791449371222381e-05,2.11740092652684
CENPL,-1.0600299999999994,0.0011269471448974294,24.370232008406912
CENPN,-1.0201666666666647,6.692343147172636e-05,1.4472192055760824
CENPO,-1.0025866666666658,2.5433465579301568e-05,0.5499986931523964
CENPQ,-1.2011466666666664,0.0008343278809320856,18.04234042515635
CENPU,-1.2353433333333328,3.810740552166178e-06,0.0824072644405936
CEP152,-1.2647166666666658,0.0011445487433200746,24.750866574296612
CEP55,-1.2357300000000002,0.001375818638080522,29.75207804849129
CHAF1A,-1.5169500000000014,2.0387935294051713e-05,0.4408891007338683
CHAF1B,-1.1107266666666664,0.0002249436398049675,4.8644062107824215
CHRNA5,-1.480220000000001,0.00010290885078492948,2.2254038982241
CHSY1,-1.1532600000000013,1.718959685547656e-05,0.3717250319996806
CKAP2L,-1.8499933333333338,0.0002442319968288897,5.28151693142474
CKS1B,-1.0405677777777775,0.00010529929834300115,2.2770973266673997
CKS2,-1.001199999999999,0.0006570067846122615,14.207771717240155
CLDN1,-1.6739799999999994,0.00024271391654458538,5.248688445276659
CLSPN,-2.7313516666666677,3.994416097510714e-05,0.8637924810866919
CNKSR2,-1.0473,0.00032115181969417873,6.944908100886615
CORO2B,-1.5162466666666683,5.9469149266844425e-05,1.2860203528955108
CTDSPL,-1.668076666666666,4.513016911517941e-05,0.9759399071157547
CTPS1,-1.4631799999999995,5.097099683774277e-05,1.1022478066161874
CXCL1,-1.079086666666666,0.0006302534476600083,13.62923080564768
CXCL8,-1.2188799999999995,0.0009437011688830085,20.407537777095058
CYB5R2,-2.4491000000000005,6.082874605203888e-05,1.3154216333753408
CYR61,-1.3430066666666658,6.88017416439413e-05,1.4878376630502306
DCBLD2,-1.098700000000001,2.020589232184882e-05,0.43695242145998076
DCLRE1B,-1.2035733333333338,3.962033826192888e-05,0.856789814914212
DDIAS,-2.6084733333333334,7.229238158990344e-05,1.563322751881662
DDX11,-1.1490733333333338,5.241629465204175e-05,1.133502371850403
DDX21,-1.1547000000000018,2.681654290487607e-05,0.579907740317945
DEPDC1,-1.2091333333333338,0.00236589622115786,51.16250578253872
DEPDC1B,-1.1729266666666653,0.0001922674692409706,4.157784022335989
DIAPH3,-1.2577399999999992,4.5765779968518055e-05,0.989684991819203
DKC1,-1.5803199999999986,5.253000720662053e-05,1.1359614058431688
DNA2,-1.271276666666668,0.00014807371791658225,3.2020941499460913
DSCC1,-1.6759533333333314,0.000407814356499791,8.81898545930798
DSN1,-1.3331,0.00013159684967492397,2.845781874220231
DTL,-3.1932800000000015,5.753138770897578e-07,0.012441162592066013
DUSP4,-1.715773333333333,1.0787673634578603e-05,0.2332834423477623
DUSP6,-4.212683333333334,8.981596965792255e-09,0.0001942270343852575
E2F1,-1.5992700000000006,0.00037038132528509945,8.009496159290276
E2F2,-1.0665466666666665,3.223168277568181e-05,0.6970101400241191
E2F7,-1.79003333333333,3.733401093212064e-06,0.08073479864071088
E2F8,-1.6829433333333332,5.725633319398933e-05,1.2381682053200191
EBNA1BP2,-1.2287999999999997,8.065689594773908e-06,0.17442053748698574
ECT2,-1.1913333333333327,0.00028402942404772926,6.142136295032145
EFNA5,-1.351703333333333,0.00011463390504755467,2.4789581966533696
EGFR,-1.2489966666666659,1.9008976838080065e-05,0.4110691241234814
EGR1,-1.0686600000000013,0.00023516389427455156,5.085419213687177
ELK3,-1.2838333333333338,7.791722656640007e-05,1.6849600244984015
EME1,-1.274490000000001,0.0006933888973375101,14.994534904923658
EMP1,-1.1097333333333328,4.737364097385875e-05,1.0244549860596954
EPHA2,-1.4092466666666663,5.924819002698533e-05,1.2812421093335578
ERCC6L,-2.1632966666666666,0.0003714573025514402,8.032764167674895
ERRFI1,-1.4690666666666683,3.446203744738128e-06,0.07452415597996202
ESCO2,-2.2711699999999997,0.0003875365668353756,8.380478257814996
ESM1,-1.1610966666666664,0.0007057134711513755,15.261053813648495
ESPL1,-1.2091366666666694,0.0005239069330601361,11.329487427425443
ETV1,-1.2777166666666684,0.0001718343351907088,3.7159174984990777
ETV4,-3.8432466666666674,1.1960628316159224e-06,0.02586485873369432
ETV5,-4.078519999999999,2.501250770709968e-06,0.05408954791660305
EVI2B,-2.39297,7.218029307475432e-05,1.560898837741562
EXO1,-2.597996666666666,3.747732723446175e-05,0.8104472014452353
EXOSC2,-1.0449666666666673,1.2194160125591859e-05,0.26369871271592393
EXOSC9,-1.1230666666666664,2.3064729221373956e-06,0.04987747694122118
FAM101B,-1.0412566666666674,1.029703772372386e-05,0.22267344077552848
FAM111B,-3.708440000000002,1.3001575734936916e-05,0.2811590752680108
FAM129B,-1.0975133333333318,6.394498634225949e-05,1.3828103296513614
FAM64A,-1.0563766666666652,0.0002948088483316188,6.375241345171256
FAM72B,-1.4900450000000003,0.0006947418358216977,15.023792199644213
FAM83D,-1.244923333333329,2.1633055508006335e-05,0.467814825360637
FAM84B,-2.9648433333333317,2.5875211433617717e-05,0.5595514472519831
FANCA,-1.3091333333333326,0.0001401956579438604,3.0317311030359813
FANCB,-1.660003333333334,7.197557161709546e-05,1.5564717362196892
FANCD2,-1.24695,0.00033494284537786376,7.2431390312963035
FANCI,-1.529373333333334,6.829311248365057e-05,1.4768385574589435
FAR2,-1.0212166666666675,0.0001201964221144469,2.599247628224914
FBXO5,-1.6057233333333336,0.00039053308509111025,8.44527796509526
FEN1,-1.0557400000000001,0.00029216149312285303,6.317992288781697
FGFRL1,-1.3245033333333325,0.0003573688366268131,7.728101092054834
FIGNL1,-1.389056666666665,5.706074772554167e-05,1.2339386695648387
FJX1,-1.2272300000000023,0.0007445181191405976,16.100204326415422
FLG,-1.7872333333333348,0.000608162600870865,13.151516243832456
FOSL1,-1.8788700000000027,0.00031302747499426875,6.769219146751062
FREM1,-1.1919533333333332,0.00018913402822718058,4.09002336041278
FST,-3.586829999999999,6.737594514414995e-06,0.14570048137422428
GABPB1,-1.015646666666667,0.0006057903958854083,13.100217311021954
GALNT14,-1.5493400000000008,7.587299189335876e-05,1.6407534496938831
GCLM,-1.0505266666666664,0.0029794937556578316,64.43155246610061
GDA,-1.1486666666666672,0.000782412948715204,16.919680015966286
GINS1,-1.7026599999999998,8.930085252169235e-06,0.1931130935781597
GINS2,-1.966473333333333,5.4860471521985316e-05,1.1863576966629326
GINS4,-1.4752399999999994,0.0007075309466986107,15.300356722357456
GMNN,-1.5756866666666642,0.00015896675949718728,3.437656174126675
GNE,-1.3311166666666665,5.255114815064887e-05,1.1364185787577818
GNL3,-1.1062666666666683,0.0004877446755402929,10.547478608558833
GPN3,-1.000236666666666,0.0003696336295720081,7.9933272394946755
GPR110,-3.3980966666666657,0.000174568942876711,3.7750533897088756
GPRC5A,-1.3709666666666713,0.00032359121401834387,6.997660003146686
GRAMD1C,-1.2183166666666665,0.0006238462465504288,13.490675081653022
GSG2,-1.833616666666667,3.2055955325020646e-05,0.6932100339035715
HAUS8,-1.0430000000000001,8.745111126747589e-05,1.8911302811591661
HELLS,-1.738339999999999,0.00015467446405685326,3.344835285229452
HHEX,-1.110806666666666,8.07284447350961e-05,1.745752617396453
HIST1H1A,-1.9351166666666657,5.757609347024955e-05,1.2450830212941466
HIST1H1B,-2.1770033333333316,1.0094041064724253e-05,0.21828363802466197
HIST1H1D,-1.263589999999997,5.981866466181871e-05,1.2935786233118296
HIST1H2AB,-1.7159466666666647,1.0438165984577712e-05,0.225725339416493
HIST1H2AE,-1.4371899999999993,0.0001020489183613215,2.2068078595635776
HIST1H2AH,-1.1049000000000015,0.0007884600240890159,17.050448020924968
HIST1H2AI,-1.5634983333333317,0.00014770158755877347,3.1940468309584764
HIST1H2AJ,-1.7655633333333327,0.0008402604977198586,18.17063326319194
HIST1H2AK,-1.7960933333333315,0.0010957653687520504,23.69592609926309
HIST1H2AL,-1.261400000000001,2.7386253125076812e-05,0.5922277238297861
HIST1H2BB,-2.1309466666666665,5.852927407365879e-06,0.12656955518428714
HIST1H2BF,-1.477730000000001,7.190484151581749e-06,0.15549421977795533
HIST1H2BG,-1.2811399999999988,4.364690394374485e-05,0.9438642977834824
HIST1H2BH,-1.2131666666666643,5.988505144755866e-05,1.2950142375534561
HIST1H2BI,-1.2031399999999994,0.0029610566819360017,64.03285074686603
HIST1H2BL,-1.1976866666666668,0.00025465101985930083,5.506828304457381
HIST1H2BM,-1.7439333333333327,9.031531339055634e-05,1.9530686520707807
HIST1H2BO,-1.1591700000000014,0.00016904357679451614,3.6555673481814113
HIST1H3A,-1.6335100000000011,1.5025937381594046e-05,0.32493589587697125
HIST1H3B,-1.3996666666666684,0.00037952020242859645,8.207124377518399
HIST1H3D,-1.3301999999999978,3.4274357078434655e-05,0.7411829718211494
HIST1H3F,-1.3786966666666647,0.0001738566318896007,3.7596496646126156
HIST1H3G,-1.7849966666666655,0.00037431763886823716,8.09461894052563
HIST1H3J,-1.6516366666666649,0.0001589221202786008,3.4366908510247423
HIST1H4A,-1.0845833333333328,2.634607767953567e-05,0.5697339298199589
HIST1H4B,-1.2427366666666657,0.0006150376259444913,13.300188661049622
HIST1H4D,-1.3054266666666674,0.0003862935558958132,8.353598146246961
HIST1H4F,-1.0848266666666682,0.00038832918328128417,8.397618588457771
HIST2H3A,-1.064466666666668,7.450191941549094e-05,1.6111040073599914
HIST3H2A,-1.04753,0.003200233931332673,69.20505876506905
HIVEP3,-1.3260533333333333,1.7334990112641604e-05,0.3748691611858747
HJURP,-1.7780299999999993,0.00020872240177185968,4.513621938316465
HK2,-1.2922033333333331,1.3154096286331906e-05,0.2844573321919275
HMGA2,-1.5663800000000005,6.425580148593083e-05,1.3895317071332542
HMMR,-1.0065233333333339,0.005041287100063953,109.01783353888298
HSPA1A,-1.1890500000000017,0.001337445026985738,28.92224870856658
HSPA1B,-1.1927955555555556,0.0010555030914937472,22.825254353552282
HSPD1P1,-1.0398566666666662,0.0010478517059599843,22.65979314138466
HSPE1P6,-1.0626733333333345,0.0005906115971251405,12.771975787831163
HSPH1,-1.0359999999999996,0.00018652772873700596,4.033662133937754
IER3,-2.5587011111111106,7.9690065951958e-07,0.017232976762110917
IGFBP3,-1.066603333333335,0.002334804708401508,50.49015181918261
IGFBP4,-1.1282999999999994,0.0016433710339689447,35.53789860957843
IL1RAP,-1.5213466666666662,6.999592877203572e-05,1.5136619596952723
IL1RL1,-1.935929999999999,0.00025335793116374253,5.478865261415932
IL24,-1.8890200000000004,0.0005841594552136195,12.632448218994522
IL37,-1.1827866666666678,0.0007676936380135358,16.601374922042712
INHBA,-1.2597333333333314,0.00043599258935713466,9.428339744848037
INPP5F,-1.8926100000000012,8.822210453225508e-06,0.1907803010510016
ITGA9,-1.1876100000000003,8.615040742016836e-05,1.8630025604611407
ITGB3,-3.161999999999999,1.2614439412969749e-05,0.2727872523054708
ITGB5,-1.247633333333333,3.83189260076642e-06,0.08286467749157383
KCNJ2,-1.0391599999999999,0.0005453516909226416,11.793230316202125
KCNN4,-1.2707933333333337,1.4316984157743176e-06,0.030960478241119617
KCNQ5,-1.4415200000000015,0.0009274978162153803,20.0571402756576
KIAA0040,-1.9377666666666675,5.2997508447007627e-08,0.00114607112016654
KIAA1524,-1.6716799999999985,0.0002727897527501271,5.899078403221498
KIF11,-1.1778999999999993,0.0009183071670687397,19.858392487861497
KIF14,-1.2585100000000011,0.0015792557082195276,34.15140469024728
KIF15,-1.6090066666666658,0.00035340832722496895,7.642455076239954
KIF18B,-1.4505116666666655,4.327413584039548e-05,0.9358031875485522
KIF20B,-1.2959533333333333,0.0007242270643043005,15.661410265580498
KIF23,-1.5045533333333339,0.0007702546766112676,16.656757381718663
KIF24,-1.1909633333333334,0.00012193012210213249,2.636738890458615
KIF2C,-1.1888233333333336,0.00022569075505247122,4.88056257800969
KIFC1,-1.3097300000000018,0.00014442362339225532,3.1231608558575212
KLF4,-1.0414966666666663,0.0006174707156915916,13.352804226830667
KNOP1,-1.0429466666666674,0.00021560626475728995,4.662485475376395
KNSTRN,-1.0294000000000008,0.0001369325487922686,2.9611663676328086
KNTC1,-1.175176666666669,0.00036327461549516646,7.855813560082975
KRT18,-1.023626666666667,0.001522820009949893,32.93098271516644
LDLR,-3.0536433333333353,1.088574174588733e-06,0.02354041652548135
LEF1,-1.0820100000000004,3.9633043065527644e-05,0.8570645562920353
LIF,-1.407846666666667,0.0006490496203610199,14.035698040307055
LIN9,-1.2001899999999992,0.0008652216631739818,18.710418466137355
LINC00152,-1.2016666666666662,2.040847044376929e-05,0.4413331733465109
LINC00277,-1.186189999999999,0.000937596532471867,20.275525014704126
LINC00326,-1.0585200000000006,0.001822739446265284,39.416740525486766
LMNB1,-1.4585399999999993,0.0003125690617140906,6.759305959567209
LMNB2,-1.0317000000000007,0.0007244727187770787,15.666722543554329
LPL,-1.6558766666666678,0.0006877702953601289,14.873032637162789
LPXN,-1.3981999999999992,0.00013643090895128232,2.95031840607148
LRP8,-1.4870999999999999,2.9492799798593993e-05,0.6377817956445951
LRR1,-1.21887,0.00014769757759596944,3.1939601155128394
LTV1,-1.161290000000001,0.0001492150930323,3.2267763868234876
LYAR,-1.8447233333333344,9.926396530621498e-05,2.146583249746899
MAD2L1,-1.6907366666666643,9.699150847886582e-06,0.20974413708554734
MALT1,-1.3410600000000006,0.00014822524969843157,3.2053710247285827
MARCH4,-1.1470666666666656,0.0005826293409597695,12.599359498255016
MASTL,-1.4089933333333313,2.1338649347473085e-06,0.04614482921391055
MCM10,-2.826439999999999,8.745656458726682e-06,0.18912482091996452
MCM2,-1.6266666666666687,6.785823063677766e-05,1.4674342375203169
MCM3,-1.5030333333333328,1.9166812503530865e-05,0.41448232038885496
MCM4,-1.7106700000000004,5.416136717393828e-05,1.1712395651364154
MCM5,-1.6835499999999985,2.8279688961121082e-05,0.6115482737842434
MCM6,-1.7263400000000004,3.7497532019332394e-05,0.810884129918063
MCM7,-1.6274999999999995,7.05323337853438e-06,0.15252617181080597
MCM8,-1.5617666666666654,0.00014901517808494017,3.2224532260868313
MCMBP,-1.1174,2.7691001312999768e-05,0.59881790339362
MELK,-1.582793333333333,0.0006190574149999926,13.38711659937484
MFSD2A,-1.0416300000000014,1.5901690533693395e-06,0.034387405779111965
MGLL,-1.3675333333333333,0.00015318102503229924,3.312539666323471
MIR17HG,-2.006163333333334,3.096713413229105e-05,0.669664275610794
MIR221,-2.504083333333333,1.2949105686243637e-05,0.28002441046501864
MIR222,-2.071600000000002,0.0007571224974753693,16.372774007904862
MKI67,-1.2818333333333314,0.00012108561224656657,2.618476364832002
MMD,-1.1456199999999992,0.0006062291861553711,13.109706150609899
MMP1,-1.5149333333333335,0.0004661552294118052,10.080606836030288
MMS22L,-1.8142466666666666,0.0004236918318246213,9.162335863207435
MPV17L,-1.126083333333332,0.006271729119562273,135.62614221053414
MRGPRX4,-2.936040000000001,4.82354452565878e-05,1.0430915036737112
MRTO4,-1.4589366666666663,2.271306625021534e-06,0.049117005766090675
MSH2,-1.009923333333333,2.018510273504108e-05,0.43650284664526334
MTBP,-1.0651200000000003,0.0005286559386863786,11.432184674092937
MTFR2,-1.6475933333333321,0.00046288777295124304,10.009948090070631
MTHFD2,-1.0317666666666678,0.0009959957007747286,21.538407029253506
MTHFD2P7,-1.082066666666666,0.0001617695945182747,3.4982674814576904
MYB,-1.1683433333333344,0.0004830096165712225,10.445082958352685
MYBBP1A,-1.0841399999999997,5.38087544579165e-05,1.1636143151524443
MYBL1,-1.6358733333333344,0.0005127121225026672,11.087399649120178
MYBL2,-1.4408000000000012,0.00015461752863345853,3.3436040566985405
MYC,-1.3477199999999998,0.00014227433457183488,3.076682485115929
MYO19,-1.08521,7.414507937888967e-06,0.1603387341568489
NCAPD3,-1.271466666666667,3.204595497701484e-05,0.6929937763779459
NCAPG,-1.4461000000000013,0.0006102158642431522,13.195918064258166
NCAPG2,-1.3422066666666659,4.530889413470914e-05,0.9798048356630851
NCAPH,-1.7468033333333324,7.60271752071633e-05,1.6440876638549062
NDUFAF4,-1.0659999999999972,0.00010892804817056527,2.355569041688474
NEDD4L,-1.5335866666666647,0.00013648380179787637,2.9514622138790765
NEIL3,-1.6773966666666666,0.00019770787178643838,4.27543272738173
NETO2,-1.1353333333333318,0.0011996666875468565,25.94279211820077
NFATC2,-1.3983399999999993,0.0005166358961097344,11.172251253373005
NFIB,-1.1632300000000022,0.00020098529425318252,4.346306988225072
NIPAL1,-1.391796666666667,0.0005121829582036136,11.075956471153145
NOC3L,-1.2286899999999985,0.0005879070903313913,12.713490828416337
NOP16,-1.3293800000000005,0.0001232144330829181,2.6645121154181037
NOP58,-1.018633333333332,0.0007902233452290031,17.088579840577193
NPAS2,-1.6665666666666663,4.05824657699605e-07,0.008775958222753958
NRCAM,-1.0553633333333332,0.004469898925580018,96.66156426566789
NT5E,-2.862846666666667,7.110509013807334e-06,0.1537647574235836
NTM,-1.2340333333333344,8.7610684675844e-05,1.8945810561151264
NUF2,-1.5503533333333337,0.00095192314373781,20.58533798333014
NUP205,-1.0792033333333322,0.00019595961644307196,4.237626705581431
OIP5,-1.2041700000000013,0.0009641885486508498,20.85057736457463
ORC1,-1.9674000000000005,1.4555065525205738e-05,0.31475329198257407
ORC6,-1.908380000000002,6.853452005898755e-05,1.4820589962756059
PBK,-1.5801633333333314,3.432321739761631e-05,0.7422395762234527
PCNA,-1.405240000000001,2.2448845994245472e-05,0.48545629462555834
PDE9A,-1.1046833333333321,8.527987813655571e-05,1.844177364703017
PHC2,-1.5926700000000018,1.0482123112507712e-06,0.022667591230797927
PHF19,-1.107453333333332,0.0002955462057515476,6.391186699377216
PHLDA1,-1.449703333333332,0.00042196928761478595,9.125085844669746
PHLDA2,-1.232896666666667,5.578747650803875e-05,1.206404179486338
PIGW,-1.1359433333333335,0.0036494376726759164,78.91908967161669
PITPNC1,-1.3517333333333355,0.00018265619475598552,3.9499402115981868
PKMYT1,-1.8167066666666667,0.0001562385010835611,3.3786575859320087
PLAUR,-1.1097366666666666,1.844054096666349e-05,0.39877669840409796
PLK1,-1.013366666666668,0.00022946996385929066,4.962287968457161
PLK4,-1.8116399999999988,6.304360832978674e-05,1.3633180301316383
PMAIP1,-2.200999999999998,8.105740462010936e-05,1.7528663749098647
PNP,-1.4847866666666683,1.4051825234601545e-05,0.3038707206982584
POLA2,-1.325173333333332,6.256878842871407e-05,1.3530500497709417
POLD3,-1.334719999999999,3.1565124416153805e-05,0.682595815499326
POLE,-1.106656666666666,3.3955778253954326e-05,0.7342937047417623
POLE2,-2.2298366666666682,4.346781799422893e-05,0.9399915641252006
POLQ,-1.6530833333333321,3.5374837560338756e-05,0.7649808622423256
POP7,-1.0154566666666671,0.0005660866755607145,12.24162435900045
POU2F1,-1.0397999999999996,5.6783276664788e-05,1.2279383578760406
PPARG,-1.0112666666666659,3.230099165933627e-05,0.6985089446331468
PPRC1,-1.1374499999999976,8.62433130843441e-06,0.1865011645448941
PRC1,-1.1372333333333327,0.00026240412446901446,5.674489191642437
PRIM1,-1.360156666666665,3.004610780900256e-05,0.6497470813696804
PRPF4,-1.0305333333333344,0.00021316252919245933,4.609639693786933
PRPS2,-1.2559000000000005,0.0005848157813147757,12.646641270932024
PSMC3IP,-1.1361400000000001,0.0004433427144443153,9.587286199858317
PTX3,-1.0793633333333341,0.0003681711599614393,7.961701334166126
PUS7,-1.0165100000000002,0.00038754538730906323,8.380669000558493
PXYLP1,-1.3270466666666678,0.00040609790328712865,8.781867158584157
QRFPR,-1.0914883333333325,0.00013144557766784504,2.842510617067149
RACGAP1,-1.0076666666666672,0.001010762251788897,21.857733694934897
RACGAP1P,-1.0535566666666663,0.0005753729045256847,12.442439060367931
RAD18,-1.2634100000000004,3.365204419418982e-05,0.7277254556993549
RAD51,-2.329160000000001,0.00010420258370437199,2.2533808726070443
RAD51AP1,-1.9833100000000021,9.749737113066284e-05,2.108380650700584
RAD54L,-1.9278433333333327,0.00013685686693485326,2.9595297474662017
RANBP1,-1.253803333333332,3.29607227203439e-05,0.7127756288274368
RAPH1,-1.3566033333333358,1.3378894106427293e-05,0.2893185850514902
RBL1,-1.2192633333333323,0.00022999490072682946,4.973639728217687
RCC1,-1.0827566666666666,0.00034249315230445743,7.406414418583892
RELL1,-1.362169999999999,0.0001868992885050362,4.0416971139214075
RFC2,-1.2627999999999986,5.1432053773173426e-05,1.1122181628448753
RFC3,-1.6387000000000018,0.00017305103446480684,3.742228620301448
RFC4,-1.2959666666666667,0.00015519544185507223,3.356101430115937
RFWD3,-1.2341666666666669,9.975088669809447e-06,0.2157112924846293
RMI1,-1.1685399999999992,0.0006491923674241243,14.038784945546688
RN7SKP16,-1.0097433333333328,0.0032572501545146135,70.43803459137851
RND3,-1.253683333333333,0.00015545488391852162,3.36171186473803
RNY4P23,-1.024306666666666,0.033478959578239494,723.982500879429
ROR1,-1.9295633333333333,2.8560956416996393e-05,0.617630682517547
RPA2,-1.1156499999999996,0.0016256510572343038,35.15470411269182
RPL22L1,-1.1601666666666661,0.0026814605406795334,57.98658419219491
RPSAP52,-1.7709633333333343,0.0002463273769456902,5.326829526450551
RRM2,-2.4436600000000013,7.134380092587874e-06,0.15428096950221276
RRP1B,-1.0230533333333316,0.00060366015225712,13.05415079256022
RRP9,-1.0525900000000004,5.3826518015194185e-05,1.1639984520785742
RRS1,-1.115833333333331,6.028618939760371e-05,1.3036888457231803
RTTN,-1.0113966666666672,0.0005382410717428181,11.639463176438442
SASS6,-1.4091000000000005,0.0009900852403098984,21.410593321701555
SAV1,-1.124640000000003,0.000713011664691454,15.418877248952693
SERPINB7,-1.4253033333333338,0.00025678347280570454,5.5529425994233605
SERPIND1,-1.8172466666666667,2.0448419279875845e-05,0.44219706692731514
SERTAD4,-1.5060266666666688,2.0814062864947264e-05,0.4501041094544846
SFRP1,-2.103766666666667,1.786113683753915e-06,0.03862470841117841
SGOL1,-1.668496666666666,0.0005590888623630772,12.090296648601544
SGOL2,-1.1995133333333357,0.0020712723711906844,44.79126502699855
SH2B3,-1.780616666666667,3.24955934470368e-06,0.07027172082921708
SH2D1B,-2.0062033333333327,4.4706126909312756e-06,0.09667699944138883
SH3TC2,-2.26067,8.867631626950553e-06,0.1917625339328057
SHB,-1.3867500000000028,7.467096709296149e-05,1.614759663385292
SHCBP1,-1.9908533333333338,0.00029057570827786285,6.283699691508784
SHISA2,-1.2366166666666665,0.00013060170918343194,2.824261961091716
SHROOM3,-1.1033066666666675,0.00029622388632306515,6.405841541736284
SIRPB1,-1.0338866666666675,0.004345577477229217,93.97311294508181
SKA1,-1.8273133333333327,0.0010716639873257468,23.174733725919275
SKA3,-1.6056766666666675,0.0001763871529572289,3.814372182700075
SLC14A1,-2.2502733333333333,0.00017083240563850843,3.6942507719327446
SLC19A1,-1.0512733333333344,0.00025754477007569284,5.569405652886858
SLC1A1,-1.9921600000000002,0.00010665629924477947,2.306442471168356
SLC20A1,-2.438906666666666,4.869711867816301e-06,0.10530751914152751
SLC25A15,-1.0042700000000018,0.0004285131889480931,9.266597711002513
SLC25A19,-1.385486666666667,0.0006017277643418738,13.01236290389302
SLC29A1,-1.2836733333333346,8.426068291029024e-05,1.8221372679350265
SLC37A3,-1.3741966666666663,3.4746802524092085e-05,0.7513996045834913
SLC43A3,-1.4507333333333339,3.2911438394763917e-06,0.07117098552867697
SLCO4A1,-1.5364216666666666,7.121498310926668e-05,1.540024009737892
SLFN11,-1.7475200000000015,0.0001217335517528436,2.632488056655243
SNAPC1,-1.0370333333333335,0.0001836197704993247,3.970777537047897
SNORA69,-1.1607266666666671,0.002245880651981575,48.56716909910156
SNORD12C,-1.13315666666667,0.00019652406610965332,4.249832929621253
SNORD14C,-1.0529666666666682,0.0010546461292888906,22.806722545872258
SNORD14E,-1.8241700000000005,0.0006528422215370305,14.117713040738286
SNORD22,-1.013720000000001,0.0033540007670282103,72.53026658698505
SNORD25,-1.4560366666666669,0.011799217664305103,255.15808199059785
SNORD26,-1.1489666666666665,0.00022744977453318033,4.9186013742800245
SNORD27,-1.2091299999999983,0.001594848420930939,34.48859710263156
SNORD28,-1.094766666666665,0.00014572710881738136,3.1513487281758716
SNORD4A,-1.0308833333333336,0.0019607070956930202,42.400290944361565
SNORD50B,-1.2005366666666664,0.014115405907898218,305.24565275829895
SNORD88C,-1.3084866666666652,6.855348247464946e-05,1.4824690585142946
SNX10,-1.053516666666665,0.0015462780307292053,33.438262414519066
SOX11,-1.108273333333333,7.313711658190071e-05,1.5815901460836028
SPAG5,-1.1752666666666656,0.0010512920992544255,22.734191646376953
SPATA5,-1.1590066666666665,0.0008823781051701941,19.08142652430545
SPATS2L,-1.1161666666666665,1.9695011577993915e-05,0.4259046253741184
SPC24,-1.4129766666666637,0.0003665720801257692,7.927121232719759
SPC25,-1.7679766666666668,0.002220725744751066,48.023194230241806
SPDL1,-1.1736666666666675,0.00038328897853235196,8.288624160762112
SPIN4,-1.0740833333333324,0.0001087417546927548,2.351540445230823
SPRED2,-1.404816666666667,1.727245780836854e-06,0.03735169001059697
SPRY2,-3.801663333333333,9.603954003715521e-08,0.0020768550533034813
SPRY4,-3.75289,7.0287348833384e-06,0.1519963918521929
SSH1,-1.1115933333333334,3.1325605840591517e-05,0.6774162263027915
STC2,-1.010186666666666,0.00038825218865991203,8.395953579770598
STIL,-1.6367266666666644,0.00015783725343844062,3.4132306056062784
SUV39H1,-1.0327099999999998,0.00041740089008264415,9.02629424803718
SUV39H2,-1.2044099999999993,0.0004952968090546622,10.71079349580707
SYTL5,-1.314003333333332,0.00010277776481407467,2.222569164104365
TACC3,-1.0370766666666658,0.0004226850697879149,9.14056463416366
TAF5,-1.1566600000000005,0.0012679302875676485,27.418992468650398
TBL1X,-1.5559066666666652,6.176794673140169e-07,0.013357318480665615
TCF19,-1.646396666666666,0.0002984845842956812,6.454729135394105
TCOF1,-1.2561966666666642,0.00010434976886935313,2.2565637517997614
TEX30,-1.1547833333333326,0.001175082087940174,25.411150151706263
TFAP2C,-1.7412066666666686,2.6682697164406547e-06,0.05770133261802916
TFB1M,-1.2280999999999995,6.3137604724945e-05,1.3653507021769355
TFPI2,-1.4311600000000002,0.00022250204612611006,4.81160674747713
TGFA,-2.5189299999999974,2.587825992793507e-06,0.055961737094159594
TGM2,-1.6165999999999983,7.278772477069576e-06,0.15740345481662957
TICRR,-1.8366499999999988,0.000146169923401871,3.1609245935654604
TIMM8A,-1.0370866666666654,0.0007259223305541527,15.698070398233552
TIMP3,-1.7039333333333353,2.9573591587035735e-07,0.006395289180696478
TINAGL1,-1.841386666666665,1.9689437579538644e-05,0.4257840876575232
TIPIN,-1.5420500000000015,0.0005342273747653995,11.552666979301764
TLR4,-2.527596666666666,7.757017493747232e-06,0.16774550330228388
TM4SF1,-1.021799999999999,0.0003356091489617652,7.257547846298172
TM4SF18,-1.368713333333333,0.0015664471069082755,33.87441868689146
TMEM156,-1.223843333333332,0.0072650326407734805,157.10633085672652
TMEM194A,-1.1837566666666675,0.00046903777419658033,10.14294186700105
TMEM2,-1.0320333333333327,0.00015817223351030418,3.420474549660328
TMPO,-1.46026,0.00043784577709267094,9.46841492962901
TMX4,-1.4744166666666647,0.00037742289883725027,8.161770187355536
TNFAIP3,-1.108886666666665,4.208878842821239e-05,0.9101700497600929
TNFRSF10A,-1.218420000000001,3.763286414173875e-05,0.8138106870651005
TNFRSF21,-1.5410599999999999,1.439997643364986e-05,0.3113994903776782
TOMM40,-1.14743,4.606496742084744e-05,0.996154920475826
TPX2,-1.005133333333335,0.0022944230699089136,49.616898886780255
TRAIP,-1.1225566666666662,8.646358246676959e-05,1.8697749708438924
TRIB2,-1.7318399999999983,2.3417362136082002e-05,0.5064004561927733
TRIP13,-1.7381266666666662,0.0001180313196928086,2.552427288356986
TRPA1,-1.1835366666666678,0.0055414667777477404,119.83421906879488
TSPAN2,-1.1263100000000001,0.0003540660409682889,7.656678135939248
TTF2,-1.0358600000000013,0.00026843112571232544,5.804823093529038
TTK,-1.5118633333333324,0.0005474429423528105,11.838453628379526
TYMS,-1.354166666666666,4.707590422494771e-05,1.0180164288644942
UBASH3B,-2.2520099999999985,6.355378212704447e-07,0.013743505384973365
UBE2C,-1.1924833333333336,0.00010910380479677484,2.359369778730256
UBE2S,-1.1448666666666654,0.00014520678824746664,3.1400967958514663
UBE2T,-1.3497866666666667,6.924565393310986e-05,1.4974372663035007
UCK2,-1.5293000000000028,2.7175511044956204e-05,0.5876704263471779
UHRF1,-2.1453266666666657,4.791803078422599e-05,1.036227415708887
URB2,-1.2934800000000024,0.00020343379014981097,4.399255711989662
USP1,-1.1353866666666672,5.0698608913751894e-05,1.0963574177598847
USP53,-1.0058166666666661,0.00031712665824306524,6.857863984506285
VDR,-1.2215633333333358,7.255975977869025e-05,1.5691048052141765
VRK1,-1.2379033333333336,9.72655109210551e-05,2.1033666736678165
VSNL1,-1.5704199999999986,0.00046488785240026656,10.053199808155764
WDHD1,-1.4268733333333339,0.0001962624073580477,4.2441745591177815
WDR3,-1.104350000000002,0.00011413504868843033,2.468170427887306
WDR62,-1.0665000000000004,6.015338862985104e-06,0.13008170291205287
WDR76,-1.8180799999999984,5.154682719144442e-05,1.1147001380149857
WEE1,-1.022312222222224,0.0009744246306137504,21.071932637022353
WIPF1,-1.3770566666666646,5.042083882753436e-05,1.0903506396454306
X77690,-1.9466666666666672,0.0009356326411956688,20.233055865856336
XRCC2,-2.508473333333333,9.887863674789802e-05,2.138250519673295
YRDC,-1.0131466666666658,0.0002661166878103734,5.754773373899324
ZFP36L2,-1.2409666666666688,2.290172463947824e-05,0.49524979532871694
ZGRF1,-1.1680366666666666,0.0004920298180037209,10.640144814330466
ZNF473,-1.1969133333333328,0.00026978514387028903,5.834103736195001
ZNF492,-1.1936200000000001,0.0013149887179435377,28.436631025529003
ZNF670,-1.0462866666666653,0.0020442628448931297,44.207184020813926
ZNF695,-1.4234433333333332,1.964539492977308e-05,0.42483166535634287
ZNF724P,-1.1471133333333352,2.2819455742913015e-06,0.049347073044049394
ZNF826P,-1.3542699999999988,0.0005456131139871832,11.798883589972837
ZNF850,-1.164743333333334,8.791845090058048e-05,1.901236500725053
ZWILCH,-1.1805033333333341,0.0018580312223214171,40.17992518270064
ZWINT,-1.50812,0.0001610054194393744,3.4817421953764716
